time,y1,y2,y3,y4,y5
0,105.4304,0.27694,0.1409,0.030344,0.032519
1230,106.2646,5.8416,3.4414,0.069919,0.40461
3060,58.7484,21.0121,5.6224,0.1027,3.0108
4920,70.2255,25.4187,5.3156,0.54304,4.1355
7800,51.6116,33.1445,6.9769,0.58873,9.3084
10680,33.5044,43.887,7.2983,0.93556,12.7689
15030,25.1021,48.1426,5.7949,1.4677,17.9676
22620,13.8795,57.0451,5.1687,1.4431,22.4986
36420,5.6877,73.7817,4.1749,4.3015,22.3218